Date,Open_^GSPC,High_^GSPC,Low_^GSPC,Close_^GSPC,Volume_^GSPC,Pct_Change
2017-12-26,2680.5,2682.739990234375,2677.9599609375,2679.090087890625,1970660000,
2017-12-27,2682.6201171875,2685.639892578125,2678.909912109375,2682.10009765625,2202900000,0.11235194289398454
2017-12-28,2687.5400390625,2687.659912109375,2682.68994140625,2686.10009765625,2174890000,0.149136864932653
2017-12-29,2673.610107421875,2692.1201171875,2673.610107421875,2689.14990234375,2447760000,0.1135402470727298
2018-01-02,2695.81005859375,2695.889892578125,2682.360107421875,2683.72998046875,3397430000,-0.2015477779902186
2018-01-03,2713.06005859375,2714.3701171875,2697.77001953125,2697.85009765625,3544030000,0.5261377743014828
2018-01-04,2723.989990234375,2729.2900390625,2719.070068359375,2719.31005859375,3697340000,0.7954467505864482
2018-01-05,2743.14990234375,2743.449951171875,2727.919921875,2731.330078125,3239280000,0.44202460448610204
2018-01-08,2747.7099609375,2748.510009765625,2737.60009765625,2742.669921875,3246160000,0.41517661453003285
2018-01-09,2751.2900390625,2759.139892578125,2747.860107421875,2751.14990234375,3467460000,0.3091870589718271
2018-01-10,2748.22998046875,2750.800048828125,2736.06005859375,2745.550048828125,3579900000,-0.20354592495502866
2018-01-11,2767.56005859375,2767.56005859375,2752.780029296875,2752.969970703125,3645690000,0.2702526540416583
2018-01-12,2786.239990234375,2787.85009765625,2769.639892578125,2770.179931640625,3587220000,0.6251416150792499
2018-01-16,2776.419921875,2807.5400390625,2768.639892578125,2798.9599609375,4362880000,1.0389227417379354
2018-01-17,2802.56005859375,2807.0400390625,2778.3798828125,2784.989990234375,3790340000,-0.4991129168723685
2018-01-18,2798.030029296875,2805.830078125,2792.56005859375,2802.39990234375,3703300000,0.6251337408903934
2018-01-19,2810.300048828125,2810.330078125,2798.080078125,2802.60009765625,3724230000,0.007143709658730124
2018-01-22,2832.969970703125,2833.030029296875,2808.1201171875,2809.159912109375,3489480000,0.2340617364072317
2018-01-23,2839.1298828125,2842.239990234375,2830.590087890625,2835.050048828125,3541140000,0.9216327132943292
2018-01-24,2837.5400390625,2852.969970703125,2824.81005859375,2845.419921875,4079270000,0.3657738970485269
2018-01-25,2839.25,2848.56005859375,2830.93994140625,2846.239990234375,3873100000,0.02882064447045085
2018-01-26,2872.8701171875,2872.8701171875,2846.179931640625,2847.47998046875,3474680000,0.04356590584875253
2018-01-29,2853.530029296875,2870.6201171875,2851.47998046875,2867.22998046875,3587420000,0.693595745552833
2018-01-30,2822.429931640625,2837.75,2818.27001953125,2832.739990234375,4012070000,-1.2029028180270518
2018-01-31,2823.81005859375,2839.260009765625,2813.0400390625,2832.409912109375,4276270000,-0.011652256336192046
2018-02-01,2821.97998046875,2835.9599609375,2812.699951171875,2816.449951171875,3977380000,-0.5634763834594159
2018-02-02,2762.1298828125,2808.919921875,2759.969970703125,2808.919921875,4340220000,-0.2673588889354095
2018-02-05,2648.93994140625,2763.389892578125,2638.169921875,2741.06005859375,5310840000,-2.415870340509829
2018-02-06,2695.139892578125,2701.0400390625,2593.070068359375,2614.780029296875,5917350000,-4.606977833300762
2018-02-07,2681.659912109375,2727.669921875,2681.330078125,2690.949951171875,4646300000,2.91305276243381
2018-02-08,2581.0,2685.27001953125,2580.56005859375,2685.010009765625,5333840000,-0.2207377139683775
2018-02-09,2619.550048828125,2638.669921875,2532.68994140625,2601.780029296875,5690110000,-3.0998014966810206
2018-02-12,2656.0,2672.610107421875,2622.449951171875,2636.75,4069220000,1.3440786811087735
2018-02-13,2662.93994140625,2668.840087890625,2637.080078125,2646.27001953125,3503540000,0.3610512764293139
2018-02-14,2698.6298828125,2702.10009765625,2648.8701171875,2651.2099609375,4011940000,0.18667563664289677
2018-02-15,2731.199951171875,2731.510009765625,2689.820068359375,2713.4599609375,3696140000,2.3479845397830212
2018-02-16,2732.219970703125,2754.419921875,2725.110107421875,2727.139892578125,3646920000,0.5041508567496411
2018-02-20,2716.260009765625,2737.60009765625,2706.760009765625,2722.989990234375,3646920000,-0.15217049756207635
2018-02-21,2701.330078125,2747.75,2701.2900390625,2720.530029296875,3789040000,-0.09034043262451386
2018-02-22,2703.9599609375,2731.260009765625,2697.77001953125,2710.419921875,3720620000,-0.3716227100234559
2018-02-23,2747.300048828125,2747.760009765625,2713.739990234375,2715.800048828125,3200360000,0.19849791206534295
2018-02-26,2779.60009765625,2780.639892578125,2753.780029296875,2757.3701171875,3436590000,1.5306748513136181
2018-02-27,2744.280029296875,2789.14990234375,2744.219970703125,2780.449951171875,3752070000,0.8370234318748615
2018-02-28,2713.830078125,2761.52001953125,2713.5400390625,2753.780029296875,4244570000,-0.9591944592910018
2018-03-01,2677.669921875,2730.889892578125,2659.64990234375,2715.219970703125,4514490000,-1.4002592140083037
2018-03-02,2691.25,2696.25,2647.320068359375,2658.889892578125,3891250000,-2.074604589417961
2018-03-05,2720.93994140625,2728.090087890625,2675.75,2681.06005859375,3733640000,0.8338128659449051
2018-03-06,2728.1201171875,2732.080078125,2711.260009765625,2730.179931640625,3389030000,1.8321064046822988
2018-03-07,2726.800048828125,2730.60009765625,2701.739990234375,2710.179931640625,3406690000,-0.7325524507822978
2018-03-08,2738.969970703125,2740.449951171875,2722.64990234375,2732.75,3206040000,0.8327885575372784
2018-03-09,2786.570068359375,2786.570068359375,2751.5400390625,2752.909912109375,3376870000,0.737715199318445
2018-03-12,2783.02001953125,2796.97998046875,2779.260009765625,2790.5400390625,3216960000,1.3669218446851206
2018-03-13,2765.31005859375,2801.89990234375,2758.679931640625,2792.31005859375,3324290000,0.06342928273641579
2018-03-14,2749.47998046875,2777.110107421875,2744.3798828125,2774.06005859375,3394630000,-0.6535807133535521
2018-03-15,2747.330078125,2763.030029296875,2741.469970703125,2754.27001953125,3543710000,-0.7133962006767858
2018-03-16,2752.010009765625,2761.85009765625,2749.969970703125,2750.570068359375,5429140000,-0.13433509226175033
2018-03-19,2712.919921875,2741.3798828125,2694.590087890625,2741.3798828125,3327460000,-0.3341193032161738
2018-03-20,2716.93994140625,2724.219970703125,2710.050048828125,2715.050048828125,3272590000,-0.9604591523215689
2018-03-21,2711.929931640625,2739.139892578125,2709.7900390625,2714.989990234375,3434780000,-0.002212062122974867
2018-03-22,2643.68994140625,2695.679931640625,2641.590087890625,2691.360107421875,3765460000,-0.8703488004558002
2018-03-23,2588.260009765625,2657.669921875,2585.889892578125,2646.7099609375,3829380000,-1.659017920390693
2018-03-26,2658.550048828125,2661.360107421875,2601.81005859375,2619.35009765625,3538080000,-1.0337310731077909
2018-03-27,2612.6201171875,2674.780029296875,2596.1201171875,2667.570068359375,3761320000,1.8409135436408874
2018-03-28,2605.0,2632.64990234375,2593.06005859375,2611.300048828125,3875720000,-2.1094111153322936
2018-03-29,2640.8701171875,2659.070068359375,2609.719970703125,2614.409912109375,3572360000,0.11909252951018967
2018-04-02,2581.8798828125,2638.300048828125,2553.800048828125,2633.449951171875,3635780000,0.7282729067966898
2018-04-03,2614.449951171875,2619.139892578125,2575.489990234375,2592.169921875,3395840000,-1.567526630931626
2018-04-04,2644.68994140625,2649.860107421875,2573.610107421875,2584.0400390625,3369230000,-0.31363232571649524
2018-04-05,2662.840087890625,2672.080078125,2649.580078125,2657.360107421875,3230430000,2.8374199799928723
2018-04-06,2604.469970703125,2656.8798828125,2586.27001953125,2645.820068359375,3312390000,-0.43426703931730426
2018-04-09,2613.159912109375,2653.550048828125,2610.7900390625,2617.179931640625,3076140000,-1.0824672872221885
2018-04-10,2656.8701171875,2665.449951171875,2635.780029296875,2638.409912109375,3579130000,0.8111777188907876
2018-04-11,2642.18994140625,2661.429931640625,2639.25,2643.889892578125,3054520000,0.20770011678621358
2018-04-12,2663.989990234375,2674.719970703125,2653.830078125,2653.830078125,3045330000,0.37596821164069816
2018-04-13,2656.300048828125,2680.260009765625,2645.050048828125,2676.89990234375,2988540000,0.8693029900033844
2018-04-16,2677.840087890625,2686.489990234375,2665.159912109375,2670.10009765625,3020740000,-0.2540178914253177
2018-04-17,2706.389892578125,2713.340087890625,2692.050048828125,2692.739990234375,3286190000,0.8479042638887435
2018-04-18,2708.639892578125,2717.489990234375,2703.6298828125,2710.110107421875,3412030000,0.6450722034246015
2018-04-19,2693.1298828125,2702.840087890625,2681.89990234375,2701.159912109375,3375120000,-0.33025209152901525
2018-04-20,2670.139892578125,2693.93994140625,2660.610107421875,2692.56005859375,3428260000,-0.3183763196348166
2018-04-23,2670.2900390625,2682.860107421875,2657.989990234375,2675.39990234375,3030390000,-0.637317492519085
2018-04-24,2634.56005859375,2683.550048828125,2617.320068359375,2680.800048828125,3716020000,0.20184445994948508
2018-04-25,2639.39990234375,2645.300048828125,2612.669921875,2634.919921875,3563680000,-1.7114341285237145
2018-04-26,2666.93994140625,2676.47998046875,2647.159912109375,2651.64990234375,3690920000,0.6349331655151502
2018-04-27,2669.909912109375,2677.35009765625,2659.010009765625,2675.469970703125,3234510000,0.8983112113827962
2018-04-30,2648.050048828125,2682.8701171875,2648.0400390625,2682.510009765625,3749510000,0.2631328005767042
2018-05-01,2654.800048828125,2655.27001953125,2625.409912109375,2642.9599609375,3562820000,-1.4743672412831255
2018-05-02,2635.669921875,2660.8701171875,2631.699951171875,2654.239990234375,4047020000,0.42679531523714953
2018-05-03,2629.72998046875,2637.139892578125,2594.6201171875,2628.080078125,3867530000,-0.9855895550373694
2018-05-04,2663.419921875,2670.929931640625,2615.320068359375,2621.449951171875,3335260000,-0.25228024854765385
2018-05-07,2672.6298828125,2683.35009765625,2664.699951171875,2680.340087890625,3266810000,2.246471907366532
2018-05-08,2671.919921875,2676.340087890625,2655.199951171875,2670.260009765625,3745100000,-0.376074594807585
2018-05-09,2697.7900390625,2701.27001953125,2674.139892578125,2678.1201171875,3913650000,0.29435738067189465
2018-05-10,2723.070068359375,2726.110107421875,2704.5400390625,2705.02001953125,3380640000,1.004432257205834
2018-05-11,2727.719970703125,2732.860107421875,2717.449951171875,2722.699951171875,2874850000,0.6535970718504647
2018-05-14,2730.1298828125,2742.10009765625,2725.469970703125,2738.469970703125,2994360000,0.5792051938908083
2018-05-15,2711.449951171875,2718.590087890625,2701.909912109375,2718.590087890625,3291190000,-0.7259485415279432
2018-05-16,2722.4599609375,2727.760009765625,2712.169921875,2712.6201171875,3248480000,-0.21959804568246755
2018-05-17,2720.1298828125,2731.9599609375,2711.360107421875,2719.7099609375,3478150000,0.2613651541208295
2018-05-18,2712.969970703125,2719.5,2709.179931640625,2717.35009765625,3383270000,-0.08676893180317169
2018-05-21,2733.010009765625,2739.18994140625,2725.699951171875,2735.389892578125,3053480000,0.663874520159724
2018-05-22,2724.43994140625,2742.239990234375,2721.8798828125,2738.340087890625,3384140000,0.10785282641077032
2018-05-23,2733.2900390625,2733.330078125,2709.5400390625,2713.97998046875,3333160000,-0.8895939379333972
2018-05-24,2727.760009765625,2731.969970703125,2707.3798828125,2730.93994140625,3285750000,0.6249110553339765
2018-05-25,2721.330078125,2727.360107421875,2714.989990234375,2723.60009765625,3015260000,-0.26876620897859915
2018-05-29,2689.860107421875,2710.669921875,2676.81005859375,2705.110107421875,3743310000,-0.6788805100383932
2018-05-30,2724.010009765625,2729.340087890625,2702.429931640625,2702.429931640625,3566490000,-0.09907825097014156
2018-05-31,2705.27001953125,2722.5,2700.679931640625,2720.97998046875,4241100000,0.6864210838896101
2018-06-01,2734.6201171875,2736.929931640625,2718.699951171875,2718.699951171875,3694310000,-0.08379441646910735
2018-06-04,2746.8701171875,2749.159912109375,2740.5400390625,2741.669921875,3410090000,0.8448880389770208
2018-06-05,2748.800048828125,2752.610107421875,2739.510009765625,2748.4599609375,3523550000,0.2476607051900892
2018-06-06,2772.35009765625,2772.389892578125,2748.4599609375,2753.25,3662780000,0.17428083838144648
2018-06-07,2770.3701171875,2779.89990234375,2760.159912109375,2774.840087890625,3742080000,0.7841673618677936
2018-06-08,2779.030029296875,2779.389892578125,2763.590087890625,2765.840087890625,3138850000,-0.3243430149101556
2018-06-11,2782.0,2790.2099609375,2780.169921875,2780.179931640625,3262130000,0.5184625030486334
2018-06-12,2786.85009765625,2789.800048828125,2778.780029296875,2785.60009765625,3435700000,0.19495738221613212
2018-06-13,2775.6298828125,2791.469970703125,2774.64990234375,2787.93994140625,3820770000,0.08399783414598794
2018-06-14,2782.489990234375,2789.06005859375,2776.52001953125,2783.2099609375,3540930000,-0.16965862135337462
2018-06-15,2779.659912109375,2782.81005859375,2761.72998046875,2777.780029296875,5451990000,-0.19509601204488192
2018-06-18,2773.75,2774.989990234375,2757.1201171875,2765.7900390625,3316120000,-0.43163929857361616
2018-06-19,2762.590087890625,2765.050048828125,2743.18994140625,2752.010009765625,3671160000,-0.4982312143095968
2018-06-20,2767.320068359375,2774.860107421875,2763.909912109375,2769.72998046875,3332140000,0.6438919422620204
2018-06-21,2749.760009765625,2769.280029296875,2744.389892578125,2769.280029296875,3336580000,-0.016245308208662212
2018-06-22,2754.8798828125,2764.169921875,2752.679931640625,2760.7900390625,5468110000,-0.30657752717520026
2018-06-25,2717.070068359375,2742.93994140625,2698.669921875,2742.93994140625,3663280000,-0.6465575941556057
2018-06-26,2723.06005859375,2732.909912109375,2715.60009765625,2722.1201171875,3568900000,-0.7590331783960291
2018-06-27,2699.6298828125,2746.090087890625,2699.3798828125,2728.449951171875,3803990000,0.23253323556180483
2018-06-28,2716.31005859375,2724.340087890625,2691.989990234375,2698.68994140625,3461100000,-1.0907295460135913
2018-06-29,2718.3701171875,2743.260009765625,2718.030029296875,2727.1298828125,3586800000,1.0538424948302927
2018-07-02,2726.7099609375,2727.260009765625,2698.949951171875,2704.949951171875,3095040000,-0.8133067581567066
2018-07-03,2713.219970703125,2736.580078125,2711.159912109375,2733.27001953125,1911460000,1.0469719910013886
2018-07-05,2736.610107421875,2737.830078125,2716.02001953125,2724.18994140625,2980160000,-0.33220567525770184
2018-07-06,2759.820068359375,2764.409912109375,2733.52001953125,2737.679931640625,2590250000,0.49519271873572634
2018-07-09,2784.169921875,2784.64990234375,2770.72998046875,2775.6201171875,3070060000,1.385851761134771
2018-07-10,2793.840087890625,2795.580078125,2786.239990234375,2788.56005859375,3080140000,0.46620001512893694
2018-07-11,2774.02001953125,2785.909912109375,2770.77001953125,2779.820068359375,2986180000,-0.3134230588808795
2018-07-12,2798.2900390625,2799.219970703125,2781.530029296875,2783.139892578125,2834230000,0.1194258670385473
2018-07-13,2801.31005859375,2804.530029296875,2791.68994140625,2796.929931640625,2619790000,0.4954849412806883
2018-07-16,2798.429931640625,2801.18994140625,2793.389892578125,2797.360107421875,2819860000,0.015380284517796383
2018-07-17,2809.550048828125,2814.18994140625,2789.239990234375,2789.340087890625,3064920000,-0.28669957471587626
2018-07-18,2815.6201171875,2816.760009765625,2805.889892578125,2811.35009765625,3111560000,0.7890758771645467
2018-07-19,2804.489990234375,2812.050048828125,2799.77001953125,2809.3701171875,3278360000,-0.07042810037785063
2018-07-20,2801.830078125,2809.699951171875,2800.010009765625,2804.550048828125,3243250000,-0.17157114080078584
2018-07-23,2806.97998046875,2808.610107421875,2795.139892578125,2799.169921875,2928490000,-0.19183565489847565
2018-07-24,2820.39990234375,2829.989990234375,2811.1201171875,2820.679931640625,3430410000,0.7684424442234938
2018-07-25,2846.070068359375,2848.030029296875,2817.72998046875,2817.72998046875,3584400000,-0.10458298152811185
2018-07-26,2837.43994140625,2845.570068359375,2835.260009765625,2835.489990234375,3667290000,0.6302949497904109
2018-07-27,2818.820068359375,2843.169921875,2808.340087890625,2842.35009765625,3434370000,0.24193728228636413
2018-07-30,2802.60009765625,2821.739990234375,2798.110107421875,2819.0,3261190000,-0.8215067410416443
2018-07-31,2816.2900390625,2824.4599609375,2808.06005859375,2809.72998046875,3906890000,-0.32884070703264046
2018-08-01,2813.360107421875,2825.830078125,2805.85009765625,2821.169921875,3501350000,0.4071544769701063
2018-08-02,2827.219970703125,2829.909912109375,2796.340087890625,2800.47998046875,3501380000,-0.7333816104383772
2018-08-03,2840.35009765625,2840.3798828125,2827.3701171875,2829.6201171875,3043690000,1.0405407973626213
2018-08-06,2850.39990234375,2853.2900390625,2835.97998046875,2840.2900390625,2879020000,0.3770796585092606
2018-08-07,2858.449951171875,2863.429931640625,2855.919921875,2855.919921875,3185440000,0.5502917870197077
2018-08-08,2857.699951171875,2862.43994140625,2853.090087890625,2856.7900390625,2978070000,0.03046714233250203
2018-08-09,2853.580078125,2862.47998046875,2851.97998046875,2857.18994140625,3066180000,0.013998310631224697
2018-08-10,2833.280029296875,2842.199951171875,2825.81005859375,2838.89990234375,3265590000,-0.6401408179918855
2018-08-13,2821.929931640625,2843.39990234375,2819.8798828125,2835.4599609375,3173630000,-0.12117163424500976
2018-08-14,2839.9599609375,2843.110107421875,2826.580078125,2827.8798828125,2986500000,-0.2673315169117618
2018-08-15,2818.3701171875,2827.949951171875,2802.489990234375,2827.949951171875,3656680000,0.002477770000086643
2018-08-16,2840.68994140625,2850.489990234375,2831.43994140625,2831.43994140625,3232000000,0.12341060820149075
2018-08-17,2850.1298828125,2855.6298828125,2833.72998046875,2838.320068359375,3037640000,0.24299038989001875
2018-08-20,2857.050048828125,2859.760009765625,2850.6201171875,2853.929931640625,2757150000,0.5499683934614419
2018-08-21,2862.9599609375,2873.22998046875,2861.320068359375,2861.510009765625,3174010000,0.2656014095147263
2018-08-22,2861.820068359375,2867.5400390625,2856.050048828125,2860.989990234375,2701250000,-0.018172906244440235
2018-08-23,2856.97998046875,2868.780029296875,2854.030029296875,2860.2900390625,2724450000,-0.024465348507485274
2018-08-24,2874.68994140625,2876.159912109375,2862.35009765625,2862.35009765625,2603010000,0.07202271677404504
2018-08-27,2896.739990234375,2898.25,2884.68994140625,2884.68994140625,2865070000,0.7804720941820609
2018-08-28,2897.52001953125,2903.77001953125,2893.5,2901.449951171875,2687770000,0.5809986551779778
2018-08-29,2914.0400390625,2916.5,2898.39990234375,2900.6201171875,2805520000,-0.02860066512744286
2018-08-30,2901.1298828125,2912.4599609375,2895.219970703125,2908.93994140625,2810450000,0.2868291566155534
2018-08-31,2901.52001953125,2906.320068359375,2891.72998046875,2898.3701171875,2887220000,-0.36335656395987126
2018-09-04,2896.719970703125,2900.179931640625,2885.1298828125,2896.9599609375,3087420000,-0.048653422198829954
2018-09-05,2888.60009765625,2894.2099609375,2876.919921875,2891.590087890625,3248780000,-0.18536234947262864
2018-09-06,2878.050048828125,2892.050048828125,2867.2900390625,2888.639892578125,3144240000,-0.10202674731991657
2018-09-07,2871.679931640625,2883.81005859375,2864.1201171875,2868.260009765625,2976580000,-0.7055182913198288
2018-09-10,2877.1298828125,2886.929931640625,2875.93994140625,2881.389892578125,2751100000,0.45776473429175457
2018-09-11,2887.889892578125,2892.52001953125,2866.780029296875,2871.570068359375,2904500000,-0.34080164728986784
2018-09-12,2888.919921875,2894.64990234375,2879.199951171875,2888.2900390625,3341280000,0.5822588446423582
2018-09-13,2904.179931640625,2906.760009765625,2896.389892578125,2896.85009765625,3274090000,0.2963711565659999
2018-09-14,2904.97998046875,2908.300048828125,2895.77001953125,2906.3798828125,3179410000,0.3289706003068771
2018-09-17,2888.800048828125,2904.64990234375,2886.159912109375,2903.830078125,2967980000,-0.08773129426675741
2018-09-18,2904.31005859375,2911.169921875,2890.429931640625,2890.739990234375,3091190000,-0.45078697921185906
2018-09-19,2907.949951171875,2912.360107421875,2903.820068359375,2906.60009765625,3302460000,0.5486521608810913
2018-09-20,2930.75,2934.800048828125,2919.72998046875,2919.72998046875,3406520000,0.4517264973288748
2018-09-21,2929.669921875,2940.909912109375,2927.110107421875,2936.760009765625,5652470000,0.58327411818202
2018-09-24,2919.3701171875,2923.7900390625,2912.6298828125,2921.830078125,3392030000,-0.5083810590916005
2018-09-25,2915.56005859375,2923.949951171875,2913.699951171875,2921.75,3330880000,-0.0027406838474131057
2018-09-26,2905.969970703125,2931.14990234375,2903.280029296875,2916.97998046875,3417540000,-0.16325898968939656
2018-09-27,2914.0,2927.219970703125,2909.27001953125,2911.64990234375,3101360000,-0.18272590695475044
2018-09-28,2913.97998046875,2920.530029296875,2907.5,2910.030029296875,3461680000,-0.05563419714612605
2018-10-01,2924.590087890625,2937.06005859375,2917.909912109375,2926.2900390625,3375890000,0.5587574561749076
2018-10-02,2923.429931640625,2931.419921875,2919.3701171875,2923.800048828125,3432620000,-0.08509034310121288
2018-10-03,2925.510009765625,2939.860107421875,2921.360107421875,2931.68994140625,3625510000,0.269850620643064
2018-10-04,2901.610107421875,2919.780029296875,2883.919921875,2919.35009765625,3510370000,-0.4209123064385478
2018-10-05,2885.570068359375,2909.639892578125,2869.2900390625,2902.5400390625,3340820000,-0.5758150969027542
2018-10-08,2884.429931640625,2889.449951171875,2862.080078125,2877.530029296875,3381820000,-0.8616594234373776
2018-10-09,2880.340087890625,2894.830078125,2874.27001953125,2882.510009765625,3531690000,0.17306441350906088
2018-10-10,2785.679931640625,2874.02001953125,2784.860107421875,2873.89990234375,4554260000,-0.29870173538704137
2018-10-11,2728.3701171875,2795.139892578125,2710.510009765625,2776.8701171875,4914090000,-3.376240942738451
2018-10-12,2767.1298828125,2775.77001953125,2729.43994140625,2770.5400390625,4024010000,-0.22795729932847397
2018-10-15,2750.7900390625,2775.989990234375,2749.030029296875,2763.830078125,3327160000,-0.24218963966933238
2018-10-16,2809.919921875,2813.4599609375,2766.909912109375,2767.050048828125,3460260000,0.11650393157707217
2018-10-17,2809.2099609375,2816.93994140625,2781.81005859375,2811.669921875,3347090000,1.612543042572434
2018-10-18,2768.780029296875,2806.0400390625,2755.179931640625,2802.0,3639300000,-0.3439209488911632
2018-10-19,2767.780029296875,2797.77001953125,2760.27001953125,2775.659912109375,3593940000,-0.9400459632628477
2018-10-22,2755.8798828125,2778.93994140625,2749.219970703125,2773.93994140625,3331270000,-0.06196619029663619
2018-10-23,2740.68994140625,2753.590087890625,2691.429931640625,2721.030029296875,4373710000,-1.9073921291371643
2018-10-24,2656.10009765625,2742.590087890625,2651.889892578125,2737.8701171875,4738670000,0.6188865139050481
2018-10-25,2705.570068359375,2722.699951171875,2667.840087890625,2674.8798828125,4663930000,-2.3007020668937783
2018-10-26,2658.68994140625,2692.3798828125,2628.159912109375,2667.860107421875,4804330000,-0.26243329413521144
2018-10-29,2641.25,2706.85009765625,2603.5400390625,2682.64990234375,4701260000,0.5543692070184125
2018-10-30,2682.6298828125,2685.429931640625,2635.340087890625,2640.679931640625,5125600000,-1.5644967562281287
2018-10-31,2711.739990234375,2736.68994140625,2705.60009765625,2705.60009765625,5133380000,2.4584640204877495
2018-11-01,2740.3701171875,2741.669921875,2708.85009765625,2717.580078125,4730250000,0.4427845962575061
2018-11-02,2723.06005859375,2756.550048828125,2700.43994140625,2745.449951171875,4261230000,1.0255400851371999
2018-11-05,2738.31005859375,2744.27001953125,2717.93994140625,2726.3701171875,3650910000,-0.6949620034497728
2018-11-06,2755.449951171875,2756.820068359375,2737.080078125,2738.39990234375,3543800000,0.44123815326511107
2018-11-07,2813.889892578125,2815.14990234375,2774.1298828125,2774.1298828125,3929080000,1.3047758451265379
2018-11-08,2806.830078125,2814.75,2794.989990234375,2806.3798828125,3673550000,1.1625266790790567
2018-11-09,2781.010009765625,2794.10009765625,2764.239990234375,2794.10009765625,4029030000,-0.43756674680632823
2018-11-12,2726.219970703125,2775.989990234375,2722.0,2773.929931640625,3701570000,-0.7218841598604198
2018-11-13,2722.179931640625,2754.60009765625,2714.97998046875,2730.050048828125,4112820000,-1.5818670223781583
2018-11-14,2701.580078125,2746.800048828125,2685.75,2737.89990234375,4449060000,0.2875351504634249
2018-11-15,2730.199951171875,2735.3798828125,2670.75,2693.52001953125,4204960000,-1.6209461410371162
2018-11-16,2736.27001953125,2746.75,2712.159912109375,2718.5400390625,3996970000,0.9288967354920352
2018-11-19,2690.72998046875,2733.159912109375,2681.090087890625,2730.739990234375,3806940000,0.4487684932564795
2018-11-20,2641.889892578125,2669.43994140625,2631.52001953125,2654.60009765625,4370820000,-2.788251274395037
2018-11-21,2649.929931640625,2670.72998046875,2649.820068359375,2657.739990234375,3237400000,0.11828118973162827
2018-11-23,2632.56005859375,2647.550048828125,2631.090087890625,2633.360107421875,1651680000,-0.917316325226758
2018-11-26,2673.449951171875,2674.35009765625,2649.969970703125,2649.969970703125,3523520000,0.6307478887690454
2018-11-27,2682.169921875,2682.530029296875,2655.889892578125,2663.75,3494380000,0.5200069981630362
2018-11-28,2743.7900390625,2744.0,2684.3798828125,2691.449951171875,3984540000,1.0398855437588006
2018-11-29,2737.800048828125,2753.75,2722.93994140625,2736.969970703125,3599200000,1.6912824075153265
2018-11-30,2760.169921875,2760.8798828125,2732.760009765625,2737.760009765625,4668310000,0.028865463302718553
2018-12-03,2790.3701171875,2800.179931640625,2773.3798828125,2790.5,4221580000,1.9263920155985437
2018-12-04,2700.06005859375,2785.929931640625,2697.179931640625,2782.429931640625,4515710000,-0.2891979343979556
2018-12-06,2695.949951171875,2696.14990234375,2621.530029296875,2663.510009765625,5180430000,-4.273959265701266
2018-12-07,2633.080078125,2708.5400390625,2623.139892578125,2691.260009765625,4242240000,1.0418582959424327
2018-12-10,2637.719970703125,2647.510009765625,2583.22998046875,2630.860107421875,4162880000,-2.244298288704183
2018-12-11,2636.780029296875,2674.35009765625,2621.300048828125,2664.43994140625,3963440000,1.2763823469611024
2018-12-12,2651.070068359375,2685.43994140625,2650.260009765625,2658.22998046875,4029300000,-0.23306815218444576
2018-12-13,2650.5400390625,2670.18994140625,2637.27001953125,2658.699951171875,3978340000,0.017679836078077216
2018-12-14,2599.949951171875,2635.070068359375,2593.840087890625,2629.679931640625,4064370000,-1.091511643442833
2018-12-17,2545.93994140625,2601.1298828125,2530.5400390625,2590.75,4661420000,-1.480405701553844
2018-12-18,2546.159912109375,2573.989990234375,2528.7099609375,2559.89990234375,4519190000,-1.1907786415613186
2018-12-19,2506.9599609375,2585.2900390625,2488.9599609375,2547.050048828125,5152830000,-0.5019670301897428
2018-12-20,2467.419921875,2509.6298828125,2441.179931640625,2496.77001953125,5619780000,-1.9740495213279585
2018-12-21,2416.6201171875,2504.409912109375,2408.550048828125,2465.3798828125,7657890000,-1.2572297998292736
2018-12-24,2351.10009765625,2410.340087890625,2351.10009765625,2400.56005859375,2613670000,-2.629202285239862
2018-12-26,2467.699951171875,2467.760009765625,2346.580078125,2363.1201171875,4249740000,-1.5596336060086924
2018-12-27,2488.830078125,2489.10009765625,2397.93994140625,2442.5,4139010000,3.3591133279748497
2018-12-28,2485.739990234375,2520.27001953125,2472.889892578125,2498.77001953125,3728440000,2.3037879030194386
2018-12-31,2506.85009765625,2509.239990234375,2482.820068359375,2498.93994140625,3461920000,0.006800220655445166
2019-01-02,2510.030029296875,2519.489990234375,2467.469970703125,2476.9599609375,3733160000,-0.8795721779684351
2019-01-03,2447.889892578125,2493.139892578125,2443.9599609375,2491.919921875,3858830000,0.6039645845481445
2019-01-04,2531.93994140625,2538.070068359375,2474.330078125,2474.330078125,4234140000,-0.7058751605775848
2019-01-07,2549.68994140625,2566.159912109375,2524.56005859375,2535.610107421875,4133120000,2.476631143057184
2019-01-08,2574.409912109375,2579.820068359375,2547.56005859375,2568.110107421875,4120060000,1.2817428004751497
2019-01-09,2584.9599609375,2595.320068359375,2568.889892578125,2580.0,4088740000,0.4629821962758962
2019-01-10,2596.639892578125,2597.820068359375,2562.02001953125,2573.510009765625,3721300000,-0.25155000908430036
2019-01-11,2596.260009765625,2596.27001953125,2577.39990234375,2588.110107421875,3447460000,0.5673223574358621
2019-01-14,2582.610107421875,2589.320068359375,2570.409912109375,2580.31005859375,3689370000,-0.30138009993303516
2019-01-15,2610.300048828125,2613.080078125,2585.10009765625,2585.10009765625,3601180000,0.18563811920768725
2019-01-16,2616.10009765625,2625.760009765625,2612.679931640625,2614.75,3882180000,1.1469537435177646
2019-01-17,2635.9599609375,2645.06005859375,2606.360107421875,2609.280029296875,3802410000,-0.2091966996127792
2019-01-18,2670.7099609375,2675.469970703125,2647.580078125,2651.27001953125,4009010000,1.609255800945597
2019-01-22,2632.89990234375,2657.8798828125,2617.27001953125,2657.8798828125,3923950000,0.24930932091249414
2019-01-23,2638.699951171875,2653.18994140625,2612.860107421875,2643.47998046875,3358770000,-0.5417815318468189
2019-01-24,2642.330078125,2647.199951171875,2627.010009765625,2638.840087890625,3449230000,-0.17552213795476446
2019-01-25,2664.760009765625,2672.3798828125,2657.330078125,2657.43994140625,3821000000,0.7048495890667139
2019-01-28,2643.85009765625,2644.969970703125,2624.06005859375,2644.969970703125,3630820000,-0.46924750805567017
2019-01-29,2640.0,2650.929931640625,2631.050048828125,2644.889892578125,3518070000,-0.003027562728008526
2019-01-30,2681.050048828125,2690.43994140625,2648.340087890625,2653.6201171875,3883270000,0.3300789433190898
2019-01-31,2704.10009765625,2708.949951171875,2678.64990234375,2685.489990234375,4953800000,1.2009960597017644
2019-02-01,2706.530029296875,2716.659912109375,2696.8798828125,2702.320068359375,3782490000,0.6267041838249776
2019-02-04,2724.8701171875,2724.989990234375,2698.75,2706.489990234375,3369450000,0.15430895562018598
2019-02-05,2737.699951171875,2738.97998046875,2724.030029296875,2728.340087890625,3597620000,0.8073223154377196
2019-02-06,2731.610107421875,2738.080078125,2724.14990234375,2735.050048828125,3486590000,0.2459356502981791
2019-02-07,2706.050048828125,2719.320068359375,2687.260009765625,2717.530029296875,4114040000,-0.6405740011506067
2019-02-08,2707.8798828125,2708.070068359375,2681.830078125,2692.360107421875,3649510000,-0.9262058414681973
2019-02-11,2709.800048828125,2718.050048828125,2703.7900390625,2712.39990234375,3395330000,0.7443207491684589
2019-02-12,2744.72998046875,2748.18994140625,2722.610107421875,2722.610107421875,3843020000,0.37642698148243614
2019-02-13,2753.030029296875,2761.85009765625,2748.6298828125,2750.300048828125,3684910000,1.0170366050859414
2019-02-14,2745.72998046875,2757.89990234375,2731.22998046875,2743.5,3845390000,-0.247247525993477
2019-02-15,2775.60009765625,2775.659912109375,2760.239990234375,2760.239990234375,3648680000,0.6101691355704375
2019-02-19,2779.760009765625,2787.330078125,2767.2900390625,2769.280029296875,3535270000,0.32750916929265017
2019-02-20,2784.699951171875,2789.8798828125,2774.06005859375,2779.050048828125,3904830000,0.35279998511854593
2019-02-21,2774.8798828125,2781.580078125,2764.550048828125,2780.239990234375,3598260000,0.04281827910050939
2019-02-22,2792.669921875,2794.199951171875,2779.110107421875,2780.669921875,3429350000,0.015463831976192388
2019-02-25,2796.110107421875,2813.489990234375,2794.989990234375,2804.35009765625,3860260000,0.8515996665034775
2019-02-26,2793.89990234375,2803.1201171875,2789.469970703125,2792.360107421875,3676200000,-0.42754969304280577
2019-02-27,2792.3798828125,2795.760009765625,2775.1298828125,2787.5,3771790000,-0.17405016670153373
2019-02-28,2784.489990234375,2793.72998046875,2782.510009765625,2788.110107421875,4445780000,0.021887261771302846
2019-03-01,2803.68994140625,2808.02001953125,2787.3798828125,2798.219970703125,3994950000,0.36260631365805374
2019-03-04,2792.81005859375,2816.8798828125,2767.659912109375,2814.3701171875,3949730000,0.5771578594057747
2019-03-05,2789.64990234375,2796.43994140625,2782.969970703125,2794.409912109375,3631380000,-0.7092245954512855
2019-03-06,2771.449951171875,2790.27001953125,2768.68994140625,2790.27001953125,3800180000,-0.14814908006821614
2019-03-07,2748.929931640625,2767.25,2739.090087890625,2766.530029296875,3932150000,-0.8508133645919735
2019-03-08,2743.070068359375,2744.1298828125,2722.27001953125,2730.7900390625,3424300000,-1.291870677559881
2019-03-11,2783.300048828125,2784.0,2747.610107421875,2747.610107421875,3764850000,0.6159414718368339
2019-03-12,2791.52001953125,2798.320068359375,2786.72998046875,2787.340087890625,3432340000,1.445983196867373
2019-03-13,2810.919921875,2821.239990234375,2799.780029296875,2799.780029296875,3782250000,0.44630152812332735
2019-03-14,2808.47998046875,2815.0,2803.4599609375,2810.3798828125,3505670000,0.37859593984914675
2019-03-15,2822.47998046875,2830.72998046875,2810.7900390625,2810.7900390625,5969780000,0.014594334826711908
2019-03-18,2832.93994140625,2835.409912109375,2821.989990234375,2822.610107421875,3620770000,0.4205247704420323
2019-03-19,2832.570068359375,2852.419921875,2823.27001953125,2840.760009765625,3650740000,0.6430183997437666
2019-03-20,2824.22998046875,2843.5400390625,2812.429931640625,2831.340087890625,3779160000,-0.3315986511573388
2019-03-21,2854.8798828125,2860.31005859375,2817.3798828125,2819.719970703125,3612620000,-0.4104105062192387
2019-03-22,2800.7099609375,2846.159912109375,2800.469970703125,2844.52001953125,4253730000,0.879521693139651
2019-03-25,2798.360107421875,2809.7900390625,2785.02001953125,2796.010009765625,3406110000,-1.7053847198311822
2019-03-26,2818.4599609375,2829.8701171875,2803.989990234375,2812.659912109375,3288570000,0.5954879376538935
2019-03-27,2805.3701171875,2825.56005859375,2787.719970703125,2819.719970703125,3422400000,0.25101003371770236
2019-03-28,2815.43994140625,2819.7099609375,2798.77001953125,2809.39990234375,3185460000,-0.3659962147518403
2019-03-29,2834.39990234375,2836.030029296875,2819.22998046875,2828.27001953125,3752520000,0.671677861587372
2019-04-01,2867.18994140625,2869.39990234375,2848.6298828125,2848.6298828125,3560090000,0.7198698547398408
2019-04-02,2867.239990234375,2872.89990234375,2858.75,2868.239990234375,3267210000,0.688404890371852
2019-04-03,2873.39990234375,2885.25,2865.169921875,2876.090087890625,3570000000,0.2736904053697531
2019-04-04,2879.389892578125,2881.280029296875,2867.139892578125,2873.989990234375,3038740000,-0.07301918897089088
2019-04-05,2892.739990234375,2893.239990234375,2882.989990234375,2884.159912109375,3155970000,0.3538607270573868
2019-04-08,2895.77001953125,2895.949951171875,2880.780029296875,2888.4599609375,3056460000,0.14909190055900634
2019-04-09,2878.199951171875,2886.8798828125,2873.330078125,2886.580078125,3032480000,-0.0650825297190516
2019-04-10,2888.2099609375,2889.7099609375,2879.1298828125,2881.3701171875,3092230000,-0.180489049203314
2019-04-11,2888.320068359375,2893.419921875,2881.989990234375,2891.919921875,2970650000,0.3661384778224086
2019-04-12,2907.409912109375,2910.5400390625,2898.3701171875,2900.860107421875,3726050000,0.3091436066140707
2019-04-15,2905.580078125,2909.60009765625,2896.47998046875,2908.320068359375,3114530000,0.2571637604451782
2019-04-16,2907.06005859375,2916.06005859375,2900.7099609375,2912.260009765625,3403120000,0.1354713825728382
2019-04-17,2900.449951171875,2918.0,2895.449951171875,2916.0400390625,3648100000,0.12979710891882767
2019-04-18,2905.030029296875,2908.39990234375,2891.89990234375,2904.81005859375,3507100000,-0.3851106403998661
2019-04-22,2907.969970703125,2909.510009765625,2896.35009765625,2898.780029296875,3010130000,-0.20758773121964946
2019-04-23,2933.679931640625,2936.31005859375,2908.530029296875,2909.989990234375,3674480000,0.38671305943207557
2019-04-24,2927.25,2936.830078125,2926.050048828125,2934.0,3468480000,0.8250890843679803
2019-04-25,2926.169921875,2933.10009765625,2912.840087890625,2928.989990234375,3440010000,-0.1707569790601604
2019-04-26,2939.8798828125,2939.8798828125,2917.56005859375,2925.81005859375,3264390000,-0.10856751478247606
2019-04-29,2943.030029296875,2949.52001953125,2939.35009765625,2940.580078125,3150390000,0.5048181267908181
2019-04-30,2945.830078125,2948.219970703125,2924.110107421875,2937.139892578125,3939760000,-0.11699003106450112
2019-05-01,2923.72998046875,2954.1298828125,2923.360107421875,2952.330078125,3669330000,0.5171760999623798
2019-05-02,2917.52001953125,2931.679931640625,2900.5,2922.159912109375,3802290000,-1.021910329036979
2019-05-03,2945.639892578125,2947.85009765625,2929.2099609375,2929.2099609375,3357180000,0.24126156816093314
2019-05-06,2932.469970703125,2937.320068359375,2898.2099609375,2908.889892578125,3203260000,-0.6937047405393693
2019-05-07,2884.050048828125,2913.030029296875,2862.60009765625,2913.030029296875,3793060000,0.14232703442345063
2019-05-08,2879.419921875,2897.9599609375,2873.280029296875,2879.610107421875,3543110000,-1.147256346103187
2019-05-09,2870.719970703125,2875.969970703125,2836.39990234375,2859.840087890625,3659050000,-0.686551956471293
2019-05-10,2881.39990234375,2891.31005859375,2825.389892578125,2863.10009765625,3566780000,0.11399272915393333
2019-05-13,2811.8701171875,2840.18994140625,2801.429931640625,2840.18994140625,3900270000,-0.8001870513976939
2019-05-14,2834.409912109375,2852.5400390625,2820.1201171875,2820.1201171875,3354860000,-0.7066366909535993
2019-05-15,2850.9599609375,2858.679931640625,2815.080078125,2820.3798828125,3140900000,0.009211154639010566
2019-05-16,2876.320068359375,2892.14990234375,2855.800048828125,2855.800048828125,3338470000,1.2558650780158054
2019-05-17,2859.530029296875,2885.47998046875,2854.22998046875,2858.60009765625,3316040000,0.09804778976993944
2019-05-20,2840.22998046875,2853.860107421875,2831.2900390625,2841.93994140625,3293750000,-0.5828082166393078
2019-05-21,2864.360107421875,2868.8798828125,2854.02001953125,2854.02001953125,3223050000,0.425064511357065
2019-05-22,2856.27001953125,2865.469970703125,2851.110107421875,2856.06005859375,3194000000,0.07147949378558671
2019-05-23,2822.239990234375,2836.699951171875,2805.489990234375,2836.699951171875,3899320000,-0.6778606550524535
2019-05-24,2826.06005859375,2841.360107421875,2820.18994140625,2832.409912109375,2889230000,-0.15123344507154135
2019-05-28,2802.389892578125,2840.510009765625,2801.580078125,2830.030029296875,4146980000,-0.08402324827085916
2019-05-29,2783.02001953125,2792.030029296875,2766.06005859375,2790.25,3701110000,-1.4056398301454887
2019-05-30,2788.860107421875,2799.0,2776.739990234375,2786.93994140625,3276030000,-0.11862946308573985
2019-05-31,2752.06005859375,2768.97998046875,2750.52001953125,2766.14990234375,3982670000,-0.7459808786553723
2019-06-03,2744.449951171875,2763.070068359375,2728.81005859375,2751.530029296875,3952360000,-0.5285278659152737
2019-06-04,2803.27001953125,2804.489990234375,2762.639892578125,2762.639892578125,3814130000,0.4037703809501636
2019-06-05,2826.14990234375,2827.280029296875,2800.919921875,2818.090087890625,3570760000,2.0071452476114526
2019-06-06,2843.489990234375,2852.10009765625,2822.449951171875,2828.510009765625,3445140000,0.3697511985076174
2019-06-07,2873.340087890625,2884.969970703125,2852.8701171875,2852.8701171875,3244380000,0.8612346195618903
2019-06-10,2886.72998046875,2904.77001953125,2885.510009765625,2885.830078125,3209890000,1.1553263760214039
2019-06-11,2885.719970703125,2910.610107421875,2878.530029296875,2903.27001953125,3551000000,0.6043301557651315
2019-06-12,2879.840087890625,2888.570068359375,2874.679931640625,2882.72998046875,3039870000,-0.7074794602059176
2019-06-13,2891.639892578125,2895.239990234375,2881.989990234375,2886.239990234375,3100640000,0.1217599216508658
2019-06-14,2886.97998046875,2894.449951171875,2879.6201171875,2886.820068359375,2992810000,0.02009805584299862
2019-06-17,2889.669921875,2897.27001953125,2887.300048828125,2889.75,2828400000,0.10149339311924521
2019-06-18,2917.75,2930.7900390625,2905.43994140625,2906.7099609375,3441540000,0.5869006293796941
2019-06-19,2926.4599609375,2931.739990234375,2911.429931640625,2920.550048828125,3300220000,0.47614272069171903
2019-06-20,2954.179931640625,2958.06005859375,2931.5,2949.60009765625,3943060000,0.994677315657766
2019-06-21,2950.4599609375,2964.14990234375,2946.8701171875,2952.7099609375,5003540000,0.10543338684185777
2019-06-24,2945.35009765625,2954.919921875,2944.050048828125,2951.419921875,3136960000,-0.04369000272855805
2019-06-25,2917.3798828125,2946.52001953125,2916.010009765625,2945.780029296875,3579430000,-0.19109082161856694
2019-06-26,2913.780029296875,2932.590087890625,2912.989990234375,2926.070068359375,3511350000,-0.6690914033457007
2019-06-27,2924.919921875,2929.300048828125,2918.570068359375,2919.659912109375,3162500000,-0.21907049729653627
2019-06-28,2941.760009765625,2943.97998046875,2929.050048828125,2932.93994140625,5422650000,0.45484849936787697
2019-07-01,2964.330078125,2977.929931640625,2952.219970703125,2971.409912109375,3524860000,1.311652180803935
2019-07-02,2973.010009765625,2973.2099609375,2955.919921875,2964.659912109375,3224490000,-0.22716488803822266
2019-07-03,2995.820068359375,2995.840087890625,2977.9599609375,2978.080078125,1963570000,0.4526713489398704
2019-07-05,2990.409912109375,2994.030029296875,2967.969970703125,2984.25,2434680000,0.20717783649675248
2019-07-08,2975.949951171875,2980.760009765625,2970.090087890625,2979.77001953125,2922360000,-0.1501208165787027
2019-07-09,2979.6298828125,2981.89990234375,2963.43994140625,2965.52001953125,3033330000,-0.4782248262985678
2019-07-10,2993.070068359375,3002.97998046875,2984.6201171875,2989.300048828125,3157800000,0.8018839576282355
2019-07-11,2999.909912109375,3002.330078125,2988.800048828125,2999.6201171875,3155710000,0.34523360622231714
2019-07-12,3013.77001953125,3013.919921875,3001.8701171875,3003.360107421875,2984140000,0.12468212934515499
2019-07-15,3014.300048828125,3017.800048828125,3008.77001953125,3017.800048828125,2876100000,0.4807928749724688
2019-07-16,3004.0400390625,3015.02001953125,3001.14990234375,3012.1298828125,3297030000,-0.1878907125681506
2019-07-17,2984.419921875,3005.260009765625,2984.25,3005.10009765625,3185650000,-0.2333825375978149
2019-07-18,2995.110107421875,2998.280029296875,2973.090087890625,2978.8701171875,3369820000,-0.8728488109000843
2019-07-19,2976.610107421875,3006.02001953125,2975.860107421875,3004.260009765625,3285890000,0.8523329846316541
2019-07-22,2985.030029296875,2990.7099609375,2976.64990234375,2981.929931640625,3016200000,-0.7432804768034096
2019-07-23,3005.469970703125,3005.89990234375,2988.56005859375,2994.739990234375,3333810000,0.429589523812246
2019-07-24,3019.56005859375,3019.590087890625,2996.820068359375,2998.77001953125,3433220000,0.13457025685090773
2019-07-25,3003.669921875,3016.31005859375,2997.239990234375,3016.260009765625,3657050000,0.5832387985894583
2019-07-26,3025.860107421875,3027.97998046875,3012.590087890625,3013.25,3260170000,-0.09979278165276328
2019-07-29,3020.969970703125,3025.610107421875,3014.300048828125,3024.469970703125,3224490000,0.3723544579150362
2019-07-30,3013.179931640625,3017.18994140625,3000.93994140625,3007.659912109375,3632770000,-0.5558018018556155
2019-07-31,2980.3798828125,3017.39990234375,2958.080078125,3016.219970703125,4626330000,0.2846085941859977
2019-08-01,2953.56005859375,3013.590087890625,2945.22998046875,2980.320068359375,4793810000,-1.1902282556461308
2019-08-02,2932.050048828125,2945.5,2914.110107421875,2943.89990234375,3882810000,-1.2220219701326807
2019-08-05,2844.739990234375,2898.070068359375,2822.1201171875,2898.070068359375,4542850000,-1.5567728355127874
2019-08-06,2881.77001953125,2884.39990234375,2847.419921875,2861.179931640625,4156640000,-1.2729208006911241
2019-08-07,2883.97998046875,2892.169921875,2825.7099609375,2858.64990234375,4512720000,-0.08842608145319675
2019-08-08,2938.090087890625,2938.719970703125,2894.469970703125,2896.2099609375,4118530000,1.3139090086881744
2019-08-09,2918.64990234375,2935.75,2900.14990234375,2930.510009765625,3356850000,1.184308088527608
2019-08-12,2882.699951171875,2907.580078125,2873.139892578125,2907.070068359375,3328570000,-0.7998587729828199
2019-08-13,2926.320068359375,2943.31005859375,2877.050048828125,2880.719970703125,3857190000,-0.9064142602906333
2019-08-14,2840.60009765625,2894.14990234375,2839.639892578125,2894.14990234375,4325150000,0.46620052546610946
2019-08-15,2847.60009765625,2856.669921875,2825.510009765625,2846.199951171875,4041720000,-1.6567887908309098
2019-08-16,2888.679931640625,2893.6298828125,2864.739990234375,2864.739990234375,3524080000,0.6513962258648309
2019-08-19,2923.64990234375,2931.0,2913.47998046875,2913.47998046875,3221050000,1.7013757060160728
2019-08-20,2900.510009765625,2923.6298828125,2899.60009765625,2919.010009765625,3067710000,0.18980838495363805
2019-08-21,2924.429931640625,2928.72998046875,2917.909912109375,2922.0400390625,3016540000,0.10380331984947144
2019-08-22,2922.949951171875,2939.080078125,2904.510009765625,2930.93994140625,2893660000,0.3045783844428662
2019-08-23,2847.110107421875,2927.010009765625,2834.969970703125,2911.070068359375,3942520000,-0.6779351827093882
2019-08-26,2878.3798828125,2879.27001953125,2856.0,2866.699951171875,2859790000,-1.5241858198386193
2019-08-27,2869.159912109375,2898.7900390625,2860.590087890625,2893.139892578125,3537490000,0.9223128285693605
2019-08-28,2887.93994140625,2890.030029296875,2853.050048828125,2861.280029296875,3102480000,-1.1012209732056633
2019-08-29,2924.580078125,2930.5,2905.669921875,2910.3701171875,3177150000,1.7156687702003293
2019-08-30,2926.4599609375,2940.429931640625,2913.320068359375,2937.090087890625,3009910000,0.9180952809172638
2019-09-03,2906.27001953125,2914.389892578125,2891.85009765625,2909.010009765625,3427830000,-0.9560509648911308
2019-09-04,2937.780029296875,2938.840087890625,2921.860107421875,2924.669921875,3167900000,0.5383244491013794
2019-09-05,2976.0,2985.860107421875,2960.60009765625,2960.60009765625,3902600000,1.2285207131413678
2019-09-06,2978.7099609375,2985.030029296875,2972.510009765625,2980.330078125,3209340000,0.6664182874400737
2019-09-09,2978.429931640625,2989.429931640625,2969.389892578125,2988.429931640625,4031120000,0.2717770617112647
2019-09-10,2979.389892578125,2979.389892578125,2957.010009765625,2971.010009765625,4393040000,-0.5829121737325305
2019-09-11,3000.929931640625,3000.929931640625,2975.31005859375,2981.409912109375,3934370000,0.35004602170862764
2019-09-12,3009.570068359375,3020.739990234375,3000.919921875,3009.080078125,3796990000,0.928089958487055
2019-09-13,3007.389892578125,3017.330078125,3002.89990234375,3012.2099609375,3557010000,0.10401460683127084
2019-09-16,2997.9599609375,3002.18994140625,2990.669921875,2996.409912109375,4285860000,-0.5245334499593635
2019-09-17,3005.699951171875,3006.2099609375,2993.72998046875,2995.669921875,3673250000,-0.02469589462325006
2019-09-18,3006.72998046875,3007.830078125,2978.570068359375,3001.5,3458800000,0.19461683953987396
2019-09-19,3006.7900390625,3021.989990234375,3003.159912109375,3010.360107421875,3265660000,0.2951893194027999
2019-09-20,2992.070068359375,3016.3701171875,2984.679931640625,3008.419921875,6103440000,-0.06445028095115601
2019-09-23,2991.780029296875,2999.14990234375,2982.22998046875,2983.5,3187250000,-0.8283392120162714
2019-09-24,2966.60009765625,3007.97998046875,2957.72998046875,3002.429931640625,3872800000,0.6344874020655311
2019-09-25,2984.8701171875,2989.820068359375,2952.860107421875,2968.35009765625,3331200000,-1.1350750811944033
2019-09-26,2977.6201171875,2987.280029296875,2963.7099609375,2985.72998046875,3084910000,0.5855065016159289
2019-09-27,2961.7900390625,2987.31005859375,2945.530029296875,2985.469970703125,3246480000,-0.008708415272840053
2019-09-30,2976.739990234375,2983.85009765625,2967.070068359375,2967.070068359375,3249130000,-0.6163151036289505
2019-10-01,2940.25,2992.530029296875,2938.699951171875,2983.68994140625,3560750000,0.5601442724291639
2019-10-02,2887.610107421875,2924.780029296875,2874.929931640625,2924.780029296875,3914180000,-1.9743979188940108
2019-10-03,2910.6298828125,2911.1298828125,2855.93994140625,2885.3798828125,3515130000,-1.3471148629884078
2019-10-04,2952.010009765625,2953.739990234375,2918.56005859375,2918.56005859375,3005600000,1.1499413293513339
2019-10-07,2938.7900390625,2959.75,2935.679931640625,2944.22998046875,2959050000,0.8795406419482177
2019-10-08,2893.06005859375,2925.469970703125,2892.659912109375,2920.39990234375,3370700000,-0.8093823608577577
2019-10-09,2919.39990234375,2929.320068359375,2907.409912109375,2911.10009765625,2735350000,-0.3184428502424064
2019-10-10,2938.1298828125,2948.4599609375,2917.1201171875,2918.550048828125,3234400000,0.25591532142343887
2019-10-11,2970.27001953125,2993.280029296875,2963.070068359375,2963.070068359375,3581320000,1.5254156614215253
2019-10-14,2966.14990234375,2972.840087890625,2962.93994140625,2965.81005859375,2559270000,0.09247132775000999
2019-10-15,2995.679931640625,3003.280029296875,2973.610107421875,2973.610107421875,3345090000,0.2629989336479399
2019-10-16,2989.68994140625,2997.5400390625,2985.199951171875,2989.679931640625,3230320000,0.5404146353498396
2019-10-17,2997.949951171875,3008.2900390625,2991.7900390625,3000.77001953125,3103470000,0.3709456578697701
2019-10-18,2986.199951171875,3000.0,2976.31005859375,2996.840087890625,3268970000,-0.13096410638089306
2019-10-21,3006.719970703125,3007.330078125,2995.35009765625,2996.47998046875,3271960000,-0.01201623748060543
2019-10-22,2995.989990234375,3014.570068359375,2995.0400390625,3010.72998046875,3527540000,0.47555799113900843
2019-10-23,3004.52001953125,3004.780029296875,2991.2099609375,2994.010009765625,3413600000,-0.5553460726000381
2019-10-24,3010.2900390625,3016.070068359375,3000.419921875,3014.780029296875,3696510000,0.6937191079356531
2019-10-25,3022.550048828125,3027.389892578125,3001.93994140625,3003.320068359375,3379060000,-0.3801259404047741
2019-10-28,3039.419921875,3044.080078125,3032.1201171875,3032.1201171875,3524970000,0.9589403784012074
2019-10-29,3036.889892578125,3047.8701171875,3034.81005859375,3035.389892578125,3594430000,0.10783792410102855
2019-10-30,3046.77001953125,3050.10009765625,3025.9599609375,3039.739990234375,3779660000,0.14331264879303696
2019-10-31,3037.56005859375,3046.89990234375,3023.18994140625,3046.89990234375,4149310000,0.23554357058095388
2019-11-01,3066.909912109375,3066.949951171875,3050.719970703125,3050.719970703125,3956290000,0.1253755778598542
2019-11-04,3078.27001953125,3085.199951171875,3074.8701171875,3078.9599609375,4178040000,0.9256828062087274
2019-11-05,3074.6201171875,3083.949951171875,3072.14990234375,3080.800048828125,4490590000,0.059763293903469794
2019-11-06,3076.780029296875,3078.340087890625,3065.889892578125,3075.10009765625,4465510000,-0.18501529088339463
2019-11-07,3085.179931640625,3097.77001953125,3080.22998046875,3087.02001953125,4151990000,0.3876271177021273
2019-11-08,3093.080078125,3093.090087890625,3073.580078125,3081.25,3508160000,-0.18691228092929668
2019-11-11,3087.010009765625,3088.330078125,3075.820068359375,3080.330078125,3041120000,-0.02985547667342381
2019-11-12,3091.840087890625,3102.610107421875,3084.72998046875,3089.280029296875,3495560000,0.29055169234730727
2019-11-13,3094.0400390625,3098.06005859375,3078.800048828125,3084.179931640625,3513720000,-0.16509017013296434
2019-11-14,3096.6298828125,3098.199951171875,3083.260009765625,3090.75,3282090000,0.21302480740414964
2019-11-15,3120.4599609375,3120.4599609375,3104.60009765625,3107.919921875,3359800000,0.5555260656798566
2019-11-18,3122.030029296875,3124.169921875,3112.06005859375,3117.909912109375,3440140000,0.3214365390839413
2019-11-19,3120.179931640625,3127.639892578125,3113.469970703125,3127.449951171875,3613670000,0.30597545571948714
2019-11-20,3108.4599609375,3118.969970703125,3091.409912109375,3114.659912109375,4041010000,-0.4089606312551064
2019-11-21,3103.5400390625,3110.110107421875,3094.550048828125,3108.489990234375,3744010000,-0.19809295554266138
2019-11-22,3110.2900390625,3112.8701171875,3099.260009765625,3111.409912109375,3235270000,0.09393377119351065
2019-11-25,3133.639892578125,3133.830078125,3117.43994140625,3117.43994140625,3514310000,0.19380375672799488
2019-11-26,3140.52001953125,3142.68994140625,3131.0,3134.85009765625,4600450000,0.5584760757939788
2019-11-27,3153.6298828125,3154.260009765625,3143.409912109375,3145.489990234375,3035470000,0.33940674184325115
2019-11-29,3140.97998046875,3150.300048828125,3139.340087890625,3147.179931640625,1743420000,0.05372585547869235
2019-12-02,3113.8701171875,3144.31005859375,3110.780029296875,3143.85009765625,3285750000,-0.10580373720924241
2019-12-03,3093.199951171875,3094.969970703125,3070.330078125,3087.409912109375,3671580000,-1.7952568918267242
2019-12-04,3112.760009765625,3119.3798828125,3102.530029296875,3103.5,3702980000,0.5211516561994811
2019-12-05,3117.429931640625,3119.449951171875,3103.760009765625,3119.2099609375,3360480000,0.5062014157402928
2019-12-06,3145.909912109375,3150.60009765625,3134.6201171875,3134.6201171875,3483310000,0.4940403641622293
2019-12-09,3135.9599609375,3148.8701171875,3135.4599609375,3141.860107421875,3400470000,0.23096866490064372
2019-12-10,3132.52001953125,3142.1201171875,3126.090087890625,3135.360107421875,3346310000,-0.20688381333864303
2019-12-11,3141.6298828125,3143.97998046875,3133.2099609375,3135.75,3257650000,0.012435336445149048
2019-12-12,3168.570068359375,3176.280029296875,3138.469970703125,3141.22998046875,4003200000,0.17475820676871034
2019-12-13,3168.800048828125,3182.679931640625,3156.510009765625,3166.64990234375,3757650000,0.8092346639072545
2019-12-16,3191.449951171875,3197.7099609375,3183.6298828125,3183.6298828125,4070200000,0.5362127482479995
2019-12-17,3192.52001953125,3198.219970703125,3191.030029296875,3195.39990234375,3842940000,0.3697043929256072
2019-12-18,3191.139892578125,3198.47998046875,3191.139892578125,3195.2099609375,4029950000,-0.005944213934250264
2019-12-19,3205.3701171875,3205.47998046875,3192.320068359375,3192.320068359375,3784360000,-0.09044452832379646
2019-12-20,3221.219970703125,3225.64990234375,3216.030029296875,3223.330078125,6457480000,0.9713941303373774
2019-12-23,3224.010009765625,3227.780029296875,3222.300048828125,3226.050048828125,3064530000,0.08438387125115909
2019-12-24,3223.3798828125,3226.429931640625,3220.510009765625,3225.449951171875,1296530000,-0.018601622639669024
2019-12-26,3239.909912109375,3240.080078125,3227.199951171875,3227.199951171875,2164540000,0.0542559961088207
2019-12-27,3240.02001953125,3247.929931640625,3234.3701171875,3247.22998046875,2429150000,0.6206627912720863
2019-12-30,3221.2900390625,3240.919921875,3216.570068359375,3240.090087890625,3021720000,-0.21987640607747938
2019-12-31,3230.780029296875,3231.719970703125,3212.030029296875,3215.179931640625,2894760000,-0.7688106063191924
2020-01-02,3257.85009765625,3258.139892578125,3235.530029296875,3244.669921875,3459930000,0.9172111938172911
2020-01-03,3234.85009765625,3246.14990234375,3222.340087890625,3226.360107421875,3484700000,-0.5643043789965607
2020-01-06,3246.280029296875,3246.840087890625,3214.639892578125,3217.550048828125,3702460000,-0.2730649493676629
2020-01-07,3237.179931640625,3244.909912109375,3232.429931640625,3241.860107421875,3435910000,0.7555456239943803
2020-01-08,3253.050048828125,3267.070068359375,3236.669921875,3238.590087890625,3726840000,-0.10086861933874536
2020-01-09,3274.699951171875,3275.580078125,3263.669921875,3266.030029296875,3641230000,0.8472804727233108
2020-01-10,3265.35009765625,3282.989990234375,3260.860107421875,3281.81005859375,3214580000,0.4831562831733027
2020-01-13,3288.1298828125,3288.1298828125,3268.429931640625,3271.1298828125,3459390000,-0.32543552462102054
2020-01-14,3283.14990234375,3294.25,3277.18994140625,3285.35009765625,3687620000,0.434718747135876
2020-01-15,3289.2900390625,3298.659912109375,3280.68994140625,3282.27001953125,3721490000,-0.09375189959807129
2020-01-16,3316.81005859375,3317.110107421875,3302.820068359375,3302.969970703125,3540580000,0.6306596059647562
2020-01-17,3329.6201171875,3329.8798828125,3318.860107421875,3323.659912109375,3726220000,0.6264041632157324
2020-01-21,3320.7900390625,3329.7900390625,3316.610107421875,3321.030029296875,4104840000,-0.07912611043381368
2020-01-22,3321.75,3337.77001953125,3320.0400390625,3330.02001953125,3623780000,0.2706988541226307
2020-01-23,3325.5400390625,3326.8798828125,3301.8701171875,3315.77001953125,3766710000,-0.42792535529578846
2020-01-24,3295.469970703125,3333.179931640625,3281.530029296875,3333.10009765625,3708780000,0.5226562162911952
2020-01-27,3243.6298828125,3258.85009765625,3234.5,3247.159912109375,3831050000,-2.578385977886055
2020-01-28,3276.239990234375,3285.780029296875,3253.219970703125,3255.35009765625,3531570000,0.2522261227829281
2020-01-29,3273.39990234375,3293.469970703125,3271.889892578125,3289.4599609375,3600250000,1.0478093679020306
2020-01-30,3283.659912109375,3285.909912109375,3242.800048828125,3256.449951171875,3790350000,-1.00350848338695
2020-01-31,3225.52001953125,3282.330078125,3214.679931640625,3282.330078125,4529700000,0.794734368443506
2020-02-03,3248.919921875,3268.43994140625,3235.659912109375,3235.659912109375,3760460000,-1.4218608398545052
2020-02-04,3297.590087890625,3306.919921875,3280.610107421875,3280.610107421875,3996900000,1.3892126037188035
2020-02-05,3334.68994140625,3337.580078125,3313.75,3324.909912109375,4121480000,1.3503526245706166
2020-02-06,3345.780029296875,3347.9599609375,3334.389892578125,3344.919921875,3887250000,0.6018211107840399
2020-02-07,3327.7099609375,3341.419921875,3322.1201171875,3335.5400390625,3733920000,-0.28042174496190064
2020-02-10,3352.090087890625,3352.260009765625,3317.77001953125,3318.280029296875,3462730000,-0.5174577298876049
2020-02-11,3357.75,3375.6298828125,3352.719970703125,3365.8701171875,3762940000,1.4341793781855516
2020-02-12,3379.449951171875,3381.469970703125,3369.719970703125,3370.5,3930910000,0.13755381673399292
2020-02-13,3373.93994140625,3385.090087890625,3360.52001953125,3365.89990234375,3500890000,-0.1364811647010855
2020-02-14,3380.159912109375,3380.68994140625,3366.14990234375,3378.080078125,3419700000,0.3618698159374434
2020-02-18,3370.2900390625,3375.010009765625,3355.610107421875,3369.0400390625,3750400000,-0.2676087852694575
2020-02-19,3386.14990234375,3393.52001953125,3378.830078125,3380.389892578125,3614200000,0.33688686937609624
2020-02-20,3373.22998046875,3389.14990234375,3341.02001953125,3380.449951171875,4019180000,0.0017766765272320129
2020-02-21,3337.75,3360.760009765625,3328.449951171875,3360.5,3908780000,-0.5901566791414625
2020-02-24,3225.889892578125,3259.81005859375,3214.64990234375,3257.610107421875,4851160000,-3.061743567270492
2020-02-25,3128.2099609375,3246.989990234375,3118.77001953125,3238.93994140625,5596760000,-0.5731246343166907
2020-02-26,3116.389892578125,3182.510009765625,3108.989990234375,3139.89990234375,5484650000,-3.057791773054608
2020-02-27,2978.760009765625,3097.070068359375,2977.389892578125,3062.5400390625,7064710000,-2.4637684540040783
2020-02-28,2954.219970703125,2959.719970703125,2855.840087890625,2916.89990234375,8569570000,-4.755534127264283
2020-03-02,3090.22998046875,3090.9599609375,2945.18994140625,2974.280029296875,6381330000,1.9671613313511305
2020-03-03,3003.3701171875,3136.719970703125,2976.6298828125,3096.4599609375,6376510000,4.107882594683199
2020-03-04,3130.1201171875,3130.969970703125,3034.3798828125,3045.75,5073020000,-1.6376753317406623
2020-03-05,3023.93994140625,3083.0400390625,2999.830078125,3075.699951171875,5579290000,0.98333583425676
2020-03-06,2972.3701171875,2985.929931640625,2901.5400390625,2954.199951171875,6555240000,-3.9503203150134114
2020-03-09,2746.56005859375,2863.889892578125,2734.429931640625,2863.889892578125,8441290000,-3.057005622044162
2020-03-10,2882.22998046875,2882.590087890625,2734.0,2813.47998046875,7642040000,-1.7601903006122632
2020-03-11,2741.3798828125,2825.60009765625,2707.219970703125,2825.60009765625,7431200000,0.4307873975161858
2020-03-12,2480.639892578125,2660.949951171875,2478.860107421875,2630.860107421875,8850810000,-6.8919869586607785
2020-03-13,2711.02001953125,2711.330078125,2492.3701171875,2569.989990234375,8299070000,-2.313696460552206
2020-03-16,2386.1298828125,2562.97998046875,2380.93994140625,2508.590087890625,7805450000,-2.3891105637399934
2020-03-17,2529.18994140625,2553.929931640625,2367.0400390625,2425.659912109375,8370250000,-3.305848021227842
2020-03-18,2398.10009765625,2453.570068359375,2280.52001953125,2436.5,8799300000,0.4468923214053788
2020-03-19,2409.389892578125,2466.969970703125,2319.780029296875,2393.47998046875,7956100000,-1.7656482467166001
2020-03-20,2304.919921875,2453.010009765625,2295.56005859375,2431.93994140625,9053950000,1.6068636985201667
2020-03-23,2237.39990234375,2300.72998046875,2191.860107421875,2290.7099609375,7411380000,-5.80729721421841
2020-03-24,2447.330078125,2449.7099609375,2344.43994140625,2344.43994140625,7563150000,2.3455601706451112
2020-03-25,2475.56005859375,2571.419921875,2407.530029296875,2457.77001953125,8300010000,4.833993659783076
2020-03-26,2630.070068359375,2637.010009765625,2500.719970703125,2501.2900390625,7766990000,1.7707116282405622
2020-03-27,2541.469970703125,2615.909912109375,2520.02001953125,2555.8701171875,6201670000,2.1820771391012794
2020-03-30,2626.64990234375,2631.800048828125,2545.280029296875,2558.97998046875,5751120000,0.12167532537499248
2020-03-31,2584.590087890625,2641.389892578125,2571.14990234375,2614.68994140625,6576210000,2.1770377792207363
2020-04-01,2470.5,2522.75,2447.489990234375,2498.080078125,5964000000,-4.459796989104337
2020-04-02,2526.89990234375,2533.219970703125,2455.7900390625,2458.5400390625,6464190000,-1.5828171165825022
2020-04-03,2488.64990234375,2538.179931640625,2459.9599609375,2514.919921875,6096970000,2.2932261389567943
2020-04-06,2663.679931640625,2676.85009765625,2574.570068359375,2578.280029296875,6403840000,2.519368782710063
2020-04-07,2659.409912109375,2756.889892578125,2657.669921875,2738.64990234375,7050410000,6.220033170353867
2020-04-08,2749.97998046875,2760.75,2663.300048828125,2685.0,5875710000,-1.958990899049784
2020-04-09,2789.820068359375,2818.570068359375,2762.360107421875,2776.989990234375,7899550000,3.426070399790504
2020-04-13,2761.6298828125,2782.4599609375,2721.169921875,2782.4599609375,5319530000,0.19697480806055712
2020-04-14,2846.06005859375,2851.85009765625,2805.10009765625,2805.10009765625,5615730000,0.8136734054251082
2020-04-15,2783.360107421875,2801.8798828125,2761.5400390625,2795.639892578125,5208000000,-0.3372501782032411
2020-04-16,2799.550048828125,2806.510009765625,2764.320068359375,2799.340087890625,5228810000,0.13235593476552676
2020-04-17,2874.56005859375,2879.219970703125,2830.8798828125,2842.429931640625,5804810000,1.5392857744008337
2020-04-20,2823.159912109375,2868.97998046875,2820.429931640625,2845.6201171875,5228630000,0.11223444811649941
2020-04-21,2736.56005859375,2785.5400390625,2727.10009765625,2784.81005859375,5121010000,-2.136970364612556
2020-04-22,2799.31005859375,2815.10009765625,2775.949951171875,2787.889892578125,5084920000,0.11059404122988337
2020-04-23,2797.800048828125,2844.89990234375,2794.260009765625,2810.419921875,5773530000,0.8081391362282364
2020-04-24,2836.739990234375,2842.7099609375,2791.760009765625,2812.639892578125,5382810000,0.07899071188066653
2020-04-27,2878.47998046875,2887.719970703125,2852.889892578125,2854.64990234375,5203930000,1.493614944326116
2020-04-28,2863.389892578125,2921.14990234375,2860.7099609375,2909.9599609375,5691160000,1.937542622944366
2020-04-29,2939.510009765625,2954.860107421875,2912.159912109375,2918.4599609375,6645640000,0.29210023897585646
2020-04-30,2912.429931640625,2930.909912109375,2892.469970703125,2930.909912109375,6544980000,0.4265931805991219
2020-05-01,2830.7099609375,2869.090087890625,2821.610107421875,2869.090087890625,4759810000,-2.109236587700447
2020-05-04,2842.739990234375,2844.239990234375,2797.85009765625,2815.010009765625,4735930000,-1.8849208797329875
2020-05-05,2868.43994140625,2898.22998046875,2863.550048828125,2868.8798828125,5140290000,1.9136654171741263
2020-05-06,2848.419921875,2891.110107421875,2847.64990234375,2883.139892578125,4892570000,0.49705844608751715
2020-05-07,2881.18994140625,2901.919921875,2876.47998046875,2878.260009765625,5178790000,-0.16925584585965048
2020-05-08,2929.800048828125,2932.159912109375,2902.8798828125,2908.830078125,4876030000,1.0621023901820514
2020-05-11,2930.18994140625,2944.25,2903.43994140625,2915.4599609375,4819730000,0.2279226573720594
2020-05-12,2870.1201171875,2945.820068359375,2869.590087890625,2939.5,5119630000,0.8245710585841781
2020-05-13,2820.0,2874.139892578125,2793.14990234375,2865.860107421875,6151650000,-2.505184302708796
2020-05-14,2852.5,2852.800048828125,2766.639892578125,2794.5400390625,5651130000,-2.4886095512713147
2020-05-15,2863.699951171875,2865.010009765625,2816.780029296875,2829.949951171875,5507700000,1.2671105661185678
2020-05-18,2953.909912109375,2968.090087890625,2913.860107421875,2913.860107421875,6373670000,2.965075626699787
2020-05-19,2922.93994140625,2964.2099609375,2922.35009765625,2948.590087890625,4984330000,1.191889081438391
2020-05-20,2971.610107421875,2980.2900390625,2953.6298828125,2953.6298828125,5005380000,0.17092219574950107
2020-05-21,2948.510009765625,2978.5,2938.570068359375,2969.949951171875,4976620000,0.5525427696389196
2020-05-22,2955.449951171875,2956.760009765625,2933.590087890625,2948.050048828125,3970860000,-0.7373828752605394
2020-05-26,2991.77001953125,3021.719970703125,2988.169921875,3004.080078125,5848500000,1.9005793106920743
2020-05-27,3036.1298828125,3036.25,2969.75,3015.64990234375,6398000000,0.38513701092719455
2020-05-28,3029.72998046875,3068.669921875,3023.39990234375,3046.610107421875,5447020000,1.0266511724077443
2020-05-29,3044.31005859375,3049.169921875,2998.610107421875,3025.169921875,7297550000,-0.7037390670583177
2020-06-01,3055.72998046875,3062.179931640625,3031.5400390625,3038.780029296875,4684170000,0.44989563473643024
2020-06-02,3080.820068359375,3081.070068359375,3051.639892578125,3064.780029296875,5197150000,0.8556065180544081
2020-06-03,3122.8701171875,3130.93994140625,3098.89990234375,3098.89990234375,6005560000,1.1132894602782661
2020-06-04,3112.35009765625,3128.909912109375,3090.409912109375,3111.56005859375,6451290000,0.40853711474917453
2020-06-05,3193.929931640625,3211.719970703125,3163.840087890625,3163.840087890625,8639300000,1.6801870544804087
2020-06-08,3232.389892578125,3233.1298828125,3196.0,3199.919921875,8498300000,1.140381086973008
2020-06-09,3207.179931640625,3222.7099609375,3193.110107421875,3213.320068359375,6410930000,0.4187650569869028
2020-06-10,3190.139892578125,3223.27001953125,3181.489990234375,3213.419921875,6598870000,0.00310748738068245
2020-06-11,3002.10009765625,3123.530029296875,2999.489990234375,3123.530029296875,7037320000,-2.797327917406922
2020-06-12,3041.31005859375,3088.419921875,2984.469970703125,3071.0400390625,5845330000,-1.680470164911163
2020-06-15,3066.590087890625,3079.760009765625,2965.659912109375,2993.760009765625,5757480000,-2.5164123005203876
2020-06-16,3124.739990234375,3153.449951171875,3076.06005859375,3131.0,5845810000,4.584201465271076
2020-06-17,3113.489990234375,3141.159912109375,3108.030029296875,3136.1298828125,4560450000,0.16384167398595384
2020-06-18,3115.340087890625,3120.0,3093.510009765625,3101.639892578125,4448690000,-1.0997628135045234
2020-06-19,3097.739990234375,3155.530029296875,3083.110107421875,3140.2900390625,8346650000,1.24611972449995
2020-06-22,3117.860107421875,3120.919921875,3079.389892578125,3094.419921875,4686690000,-1.4606968342705695
2020-06-23,3131.2900390625,3154.89990234375,3127.1201171875,3138.699951171875,4711850000,1.4309638127602442
2020-06-24,3050.330078125,3115.010009765625,3032.1298828125,3114.39990234375,5597680000,-0.7742074491399631
2020-06-25,3083.760009765625,3086.25,3024.010009765625,3046.60009765625,4847690000,-2.176978127840201
2020-06-26,3009.050048828125,3073.72998046875,3004.6298828125,3073.199951171875,8107850000,0.8730996081858011
2020-06-29,3053.239990234375,3053.889892578125,2999.739990234375,3018.590087890625,4473970000,-1.7769707194101092
2020-06-30,3100.2900390625,3111.510009765625,3047.830078125,3050.199951171875,4705850000,1.0471730960774028
2020-07-01,3115.860107421875,3128.43994140625,3101.169921875,3105.919921875,4449230000,1.8267645267556087
2020-07-02,3130.010009765625,3165.81005859375,3124.52001953125,3143.639892578125,4197720000,1.2144540635920187
2020-07-06,3179.719970703125,3182.590087890625,3155.2900390625,3155.2900390625,4759160000,0.3705941800738799
2020-07-07,3145.320068359375,3184.14990234375,3142.929931640625,3166.43994140625,4571330000,0.35337170927915995
2020-07-08,3169.93994140625,3171.800048828125,3136.530029296875,3153.070068359375,4937310000,-0.42223674834449554
2020-07-09,3152.050048828125,3179.780029296875,3115.699951171875,3176.169921875,4843650000,0.7326146585649562
2020-07-10,3185.0400390625,3186.820068359375,3136.219970703125,3152.469970703125,4524190000,-0.7461802030378828
2020-07-13,3155.219970703125,3235.320068359375,3149.429931640625,3205.080078125,4902440000,1.668853562787187
2020-07-14,3197.52001953125,3200.949951171875,3127.659912109375,3141.110107421875,4507140000,-1.99589305551916
2020-07-15,3226.56005859375,3238.280029296875,3200.760009765625,3225.97998046875,4686830000,2.7019069737906687
2020-07-16,3215.570068359375,3220.389892578125,3198.590087890625,3208.360107421875,3972860000,-0.5461866829165718
2020-07-17,3224.72998046875,3233.52001953125,3205.64990234375,3224.2099609375,4012850000,0.4940172856207736
